[
    {
        "FullTime":"6/16/2021",
        "Time":"12:59",
        "title":"Lucky 4 Leaf Clover (charms)",
        "text":"10 editions listed by",
        "addLink":true,
        "name":"Nola_Naser",
        "bid":0.23
    },
    {
        "FullTime":"6/16/2021",
        "Time":"12:59",
        "title":"Erotic 35mm and polaroid photography",
        "text":"RecentlyLiked by",
        "addLink":true,
        "name":"Nola_Naser"
    },
    {
        "FullTime":"6/16/2021",
        "Time":"12:59",
        "title":"Skrrt Cobain Official",
        "text":"Lorem ipsum dolor sit amet, consectetur adipisicing elit.",
        "addLink":false,
        "name":"",
        "bid":""
    },
    {
        "FullTime":"6/16/2021",
        "Time":"12:59",
        "title":"Reach 1k Sales",
        "text":"Lorem ipsum dolor sit amet, consectetur adipisicing elit.",
        "addLink":false,
        "name":"",
        "bid":""
    },
    {
        "FullTime":"6/16/2021",
        "Time":"12:59",
        "title":"Our Journey Start",
        "text":"Lorem ipsum dolor sit amet, consectetur adipisicing elit.",
        "addLink":false,
        "name":"",
        "bid":""
    },
    {
        "FullTime":"6/16/2021",
        "Time":"12:59",
        "title":"Create A Module",
        "text":"Lorem ipsum dolor sit amet, consectetur adipisicing elit.",
        "addLink":false,
        "name":"",
        "bid":""
    }
]